residue,MOT_min_distance_A,LII_min_distance_A,MOT_hbond,LII_hbond,shared
ILE7,3.13,2.95,True,True,True
VAL8,3.63,3.47,False,False,True
ALA9,3.67,3.66,False,False,True
LEU22,3.65,3.77,False,False,True
GLU30,2.73,2.77,True,True,True
PHE31,3.09,3.5,False,False,True
ARG32,4.75,,False,False,False
TYR33,4.73,4.82,False,False,True
PHE34,3.36,3.24,False,False,True
GLN35,3.35,,False,False,False
THR56,4.59,4.05,False,False,True
SER59,3.45,3.53,False,False,True
ILE60,3.92,3.95,False,False,True
PRO61,4.18,3.44,False,False,True
ASN64,2.88,4.42,True,False,True
LEU67,3.62,4.68,False,False,True
LYS68,4.75,,False,False,False
ARG70,2.25,,True,False,False
VAL115,3.4,2.97,True,True,True
GLY116,,4.87,False,False,False
TYR121,3.73,3.52,False,False,True
THR136,3.57,3.82,False,False,True
